id,first_name,last_name,email,gender,ip_address
1,Corney,Yankishin,cyankishin0@merriam-webster.com,Male,160.220.168.68
2,Ilse,Poytress,ipoytress1@dedecms.com,Female,170.124.117.59
3,Lorelei,Bris,lbris2@1und1.de,Female,157.179.119.153
4,Jeremy,Meakin,jmeakin3@cbslocal.com,Male,148.44.117.90
5,Frankie,Ripsher,fripsher4@is.gd,Female,51.53.76.9
6,Bambi,Gommowe,bgommowe5@blinklist.com,Female,202.192.151.136
7,Chantal,Favela,cfavela6@dedecms.com,Female,170.244.13.185
8,Alexia,Bowart,abowart7@alibaba.com,Female,139.66.85.136
9,Slade,Gambell,sgambell8@plala.or.jp,Male,37.230.192.13
10,Rosana,Clausewitz,rclausewitz9@yahoo.com,Female,81.118.47.206
11,Aguistin,Arbuckel,aarbuckela@networksolutions.com,Male,186.57.61.128
12,Farrand,Van Geffen,fvangeffenb@csmonitor.com,Female,42.188.112.182
13,Colan,Strute,cstrutec@google.ru,Male,186.89.217.154
14,Jolee,Sydall,jsydalld@ox.ac.uk,Female,236.18.230.61
15,Kelsey,Sim,ksime@feedburner.com,Male,104.107.227.119
16,Hanna,Pilbeam,hpilbeamf@example.com,Female,62.229.169.60
17,Arlie,Nolot,anolotg@shinystat.com,Female,243.125.252.33
18,Nev,Clementel,nclementelh@last.fm,Male,64.187.243.222
19,Kippy,Itter,kitteri@apple.com,Female,148.161.227.174
20,Bryant,Sayers,bsayersj@ft.com,Male,152.241.185.27
21,Tally,deKnevet,tdeknevetk@com.com,Female,234.130.182.181
22,Roddy,Jeram,rjeraml@google.es,Male,208.145.93.152
23,Bren,Readshaw,breadshawm@mysql.com,Male,191.210.67.55
24,Dorisa,Isac,disacn@theatlantic.com,Female,20.80.159.216
25,Ramonda,Adlard,radlardo@dot.gov,Female,12.135.172.103
26,Madlin,Klimes,mklimesp@huffingtonpost.com,Female,38.30.237.40
27,Craggie,Sedgeman,csedgemanq@networkadvertising.org,Male,173.43.29.61
28,Spencer,Bewsey,sbewseyr@nationalgeographic.com,Male,98.20.105.63
29,Mattheus,Clemon,mclemons@prweb.com,Male,237.174.221.224
30,Bernete,Corsor,bcorsort@elpais.com,Female,127.160.216.224
31,Marcellus,Millson,mmillsonu@naver.com,Male,32.147.57.35
32,Adrian,Symondson,asymondsonv@nymag.com,Female,155.66.218.167
33,Pip,Donaghy,pdonaghyw@slate.com,Male,193.150.126.252
34,Miriam,Gamblin,mgamblinx@wikia.com,Female,166.86.221.15
35,Sherman,Bilt,sbilty@yellowbook.com,Male,114.61.5.183
36,Arda,Catherick,acatherickz@nationalgeographic.com,Female,117.130.211.126
37,Titus,Gomar,tgomar10@loc.gov,Male,219.59.78.66
38,Filmer,Tuffs,ftuffs11@who.int,Male,192.37.122.219
39,Yorke,Kearley,ykearley12@tuttocitta.it,Male,178.241.166.25
40,Adham,Chesnay,achesnay13@nps.gov,Male,222.27.122.243
41,Kris,Collihole,kcollihole14@flickr.com,Male,69.14.162.156
42,Ardisj,Casarili,acasarili15@hexun.com,Female,226.4.225.47
43,Kelcy,Edson,kedson16@zimbio.com,Female,230.6.186.29
44,Ferdinand,Kunrad,fkunrad17@admin.ch,Male,252.84.203.44
45,Perl,Chaston,pchaston18@printfriendly.com,Female,225.72.236.85
46,Concettina,Meece,cmeece19@tumblr.com,Female,121.21.49.248
47,Georg,Toone,gtoone1a@google.fr,Male,142.209.177.50
48,Rube,Christoffels,rchristoffels1b@is.gd,Male,57.24.128.40
49,Adiana,Pranger,apranger1c@phoca.cz,Female,253.32.237.91
50,Amelina,Flageul,aflageul1d@live.com,Female,188.183.207.203
51,Fina,Byford,fbyford1e@acquirethisname.com,Female,74.229.221.232
52,Jules,Fleckney,jfleckney1f@wordpress.org,Male,63.120.213.96
53,Cherianne,Giffard,cgiffard1g@bing.com,Female,101.75.97.81
54,Remington,Gilliver,rgilliver1h@prnewswire.com,Male,222.83.78.181
55,Lanna,Morton,lmorton1i@biglobe.ne.jp,Female,8.63.183.141
56,Jaclyn,Wyllis,jwyllis1j@jugem.jp,Female,247.12.76.175
57,Dylan,Gauche,dgauche1k@gmpg.org,Male,115.25.54.51
58,Maddalena,Cordery,mcordery1l@ft.com,Female,146.155.20.150
59,Modestia,Habens,mhabens1m@bandcamp.com,Female,247.203.167.40
60,Mariann,Jessop,mjessop1n@sbwire.com,Female,252.57.48.242
61,Fabien,Gilmore,fgilmore1o@buzzfeed.com,Male,90.250.144.49
62,Oswald,Henrot,ohenrot1p@php.net,Male,174.37.136.233
63,Carma,Gubbins,cgubbins1q@google.com.br,Female,167.142.81.95
64,Tabbie,Daskiewicz,tdaskiewicz1r@feedburner.com,Male,102.80.148.10
65,Sander,MacIlory,smacilory1s@themeforest.net,Male,132.177.174.46
66,Dominik,Whatman,dwhatman1t@csmonitor.com,Male,48.246.17.143
67,Anne-marie,Witcher,awitcher1u@moonfruit.com,Female,110.251.112.227
68,Casandra,Sommerville,csommerville1v@mysql.com,Female,8.49.116.148
69,Brena,Slocomb,bslocomb1w@mapy.cz,Female,32.171.236.174
70,Dori,Bache,dbache1x@scientificamerican.com,Female,195.97.92.29
71,Danie,Ruecastle,druecastle1y@census.gov,Male,239.12.8.68
72,Bren,Antonescu,bantonescu1z@theglobeandmail.com,Female,237.19.230.228
73,Donalt,Gashion,dgashion20@canalblog.com,Male,194.26.141.83
74,Marice,Reichardt,mreichardt21@infoseek.co.jp,Female,14.252.88.178
75,Charley,Flips,cflips22@baidu.com,Male,25.45.253.87
76,Blake,Laverock,blaverock23@earthlink.net,Female,23.70.233.90
77,Wolfy,Slorance,wslorance24@salon.com,Male,102.125.138.163
78,Izaak,Village,ivillage25@etsy.com,Male,47.104.129.34
79,Dianemarie,Backs,dbacks26@marriott.com,Female,61.54.174.238
80,Finlay,Eadmead,feadmead27@google.cn,Male,155.52.242.44
81,Reeba,Hardisty,rhardisty28@csmonitor.com,Female,105.200.94.233
82,Richard,Darey,rdarey29@youtube.com,Male,215.25.11.27
83,Marybeth,Jones,mjones2a@webnode.com,Female,87.202.10.241
84,Doralyn,Strowther,dstrowther2b@sciencedirect.com,Female,5.114.162.66
85,Aggi,Humphery,ahumphery2c@mayoclinic.com,Female,219.73.42.215
86,Andonis,Bohey,abohey2d@mtv.com,Male,166.63.124.229
87,Frederique,Lehrian,flehrian2e@springer.com,Female,92.219.134.205
88,Peggie,Barnett,pbarnett2f@fda.gov,Female,117.175.193.237
89,Bradly,Eversfield,beversfield2g@hao123.com,Male,211.190.130.75
90,Mac,Peer,mpeer2h@slate.com,Male,95.231.115.138
91,Allis,Roff,aroff2i@example.com,Female,240.208.222.174
92,Harrietta,McNish,hmcnish2j@lulu.com,Female,108.141.94.148
93,Karilynn,Hendron,khendron2k@geocities.com,Female,16.67.148.5
94,Tobey,Extill,textill2l@devhub.com,Female,197.70.126.88
95,Bab,Sentinella,bsentinella2m@eepurl.com,Female,79.207.38.167
96,Nicol,Cossar,ncossar2n@sourceforge.net,Male,61.141.113.59
97,Robinetta,Kinvig,rkinvig2o@bloglines.com,Female,115.9.173.200
98,Salomone,Absolom,sabsolom2p@pinterest.com,Male,15.202.202.13
99,Laurette,Middiff,lmiddiff2q@reference.com,Female,150.154.165.3
100,Rog,Wishkar,rwishkar2r@adobe.com,Male,213.46.233.119
101,Berny,Griffey,bgriffey2s@cbslocal.com,Female,140.7.232.56
102,Debee,Belcher,dbelcher2t@cyberchimps.com,Female,10.86.29.38
103,Michale,Troop,mtroop2u@dot.gov,Male,202.107.129.175
104,Mirelle,Hales,mhales2v@ow.ly,Female,216.190.232.220
105,Adamo,Pawden,apawden2w@nytimes.com,Male,155.232.174.90
106,Celene,Olivetti,colivetti2x@blogspot.com,Female,244.23.158.213
107,Giana,MacCosty,gmaccosty2y@imdb.com,Female,33.75.163.2
108,Mayer,Titchen,mtitchen2z@kickstarter.com,Male,82.31.88.24
109,Rawley,Shoppee,rshoppee30@businessweek.com,Male,129.203.75.130
110,Kip,Ryce,kryce31@drupal.org,Male,142.104.222.57
111,Jasmina,Stigers,jstigers32@nydailynews.com,Female,83.20.86.101
112,Sherm,Hodjetts,shodjetts33@vimeo.com,Male,2.63.146.8
113,Norri,De Leek,ndeleek34@latimes.com,Female,44.75.171.7
114,Barnaby,Behr,bbehr35@amazon.de,Male,180.227.60.70
115,Dyana,Masterton,dmasterton36@amazon.de,Female,244.65.137.2
116,Odelia,Rosenfrucht,orosenfrucht37@amazon.co.jp,Female,135.161.109.73
117,Tara,Loynes,tloynes38@cocolog-nifty.com,Female,143.10.16.172
118,Evered,Maddox,emaddox39@un.org,Male,163.147.197.105
119,Concordia,Vause,cvause3a@europa.eu,Female,186.46.61.241
120,Agneta,McGee,amcgee3b@sourceforge.net,Female,237.57.178.22
121,Roderic,Rubartelli,rrubartelli3c@vinaora.com,Male,161.131.123.255
122,Davina,Skelbeck,dskelbeck3d@senate.gov,Female,22.25.220.119
123,Augustine,Clerk,aclerk3e@deviantart.com,Female,198.84.181.103
124,Gordan,Trevarthen,gtrevarthen3f@mozilla.org,Male,106.86.165.98
125,Ardra,Eccleston,aeccleston3g@gmpg.org,Female,83.212.108.249
126,Ambrosi,Flanne,aflanne3h@auda.org.au,Male,203.251.139.91
127,Buffy,Proudman,bproudman3i@nationalgeographic.com,Female,12.204.17.138
128,Dorian,Iacovelli,diacovelli3j@scribd.com,Female,50.184.245.22
129,Millard,Wavish,mwavish3k@nba.com,Male,50.58.171.31
130,Gilli,Willcock,gwillcock3l@newsvine.com,Female,220.63.145.9
131,Frasquito,Giorgiutti,fgiorgiutti3m@telegraph.co.uk,Male,68.207.178.152
132,Lynne,Domerque,ldomerque3n@google.cn,Female,222.179.90.211
133,Marji,Hurburt,mhurburt3o@merriam-webster.com,Female,70.240.172.155
134,Klemens,Shulem,kshulem3p@scribd.com,Male,125.104.235.78
135,Jamal,Cayle,jcayle3q@wikimedia.org,Male,78.53.57.223
136,Ezri,Cheevers,echeevers3r@tamu.edu,Male,195.228.223.163
137,Catherine,Paggitt,cpaggitt3s@google.fr,Female,30.251.29.145
138,Kerri,McKinlay,kmckinlay3t@paginegialle.it,Female,141.162.146.67
139,Linnell,Moisey,lmoisey3u@twitter.com,Female,66.196.81.129
140,Kelbee,Dufer,kdufer3v@wikia.com,Male,55.128.4.193
141,Sephira,Nutbeem,snutbeem3w@miitbeian.gov.cn,Female,82.164.128.105
142,Fleurette,Edyson,fedyson3x@php.net,Female,72.239.193.158
143,Chrissy,Seagrove,cseagrove3y@wikimedia.org,Female,216.217.252.208
144,Lotty,Leipnik,lleipnik3z@bizjournals.com,Female,229.87.209.200
145,Kasper,Larmett,klarmett40@deliciousdays.com,Male,9.125.162.3
146,Dene,Belvard,dbelvard41@imageshack.us,Male,206.50.123.81
147,Abigale,Jaffrey,ajaffrey42@theatlantic.com,Female,143.70.61.24
148,Russell,Farman,rfarman43@oakley.com,Male,254.206.115.43
149,Becka,Riccione,briccione44@theglobeandmail.com,Female,180.247.234.99
150,Alix,Pirrone,apirrone45@geocities.jp,Male,182.217.46.72
151,Aguie,Creane,acreane46@cyberchimps.com,Male,21.118.98.16
152,Zonda,Shoebridge,zshoebridge47@imdb.com,Female,51.111.153.218
153,Kaylil,Scipsey,kscipsey48@printfriendly.com,Female,248.228.57.86
154,Rayna,Lensch,rlensch49@sciencedirect.com,Female,205.169.6.63
155,Eadith,Compton,ecompton4a@stanford.edu,Female,251.81.72.44
156,Hew,Hyne,hhyne4b@tmall.com,Male,237.202.13.157
157,Herold,Hanniger,hhanniger4c@nyu.edu,Male,202.51.233.33
158,Lynette,Barsam,lbarsam4d@histats.com,Female,39.117.198.107
159,Debbi,Whenham,dwhenham4e@scribd.com,Female,26.121.255.231
160,Marty,Chartman,mchartman4f@shareasale.com,Female,203.75.154.205
161,Farleigh,Roxbee,froxbee4g@a8.net,Male,163.221.45.163
162,Dacy,Lupson,dlupson4h@google.co.uk,Female,231.141.75.222
163,Hermione,Buckleigh,hbuckleigh4i@xrea.com,Female,170.136.154.195
164,Dukie,Doxey,ddoxey4j@bbb.org,Male,180.152.150.96
165,Che,Corgenvin,ccorgenvin4k@google.it,Male,147.164.240.153
166,Colline,Chrichton,cchrichton4l@creativecommons.org,Female,231.234.231.150
167,La verne,Goadsby,lgoadsby4m@alexa.com,Female,58.243.199.13
168,Rozele,Wooder,rwooder4n@exblog.jp,Female,194.19.221.137
169,Andie,Francesch,afrancesch4o@npr.org,Male,193.216.62.48
170,Kirby,Farmery,kfarmery4p@networksolutions.com,Female,198.153.188.215
171,Flemming,Gothrup,fgothrup4q@stumbleupon.com,Male,138.80.147.167
172,Reeba,Fickling,rfickling4r@seesaa.net,Female,188.55.242.143
173,Leon,Jenton,ljenton4s@newsvine.com,Male,23.151.105.176
174,Bea,Dahlborg,bdahlborg4t@cbsnews.com,Female,71.31.136.194
175,Dotti,Grigoire,dgrigoire4u@youtu.be,Female,224.3.39.70
176,Harald,Workes,hworkes4v@infoseek.co.jp,Male,38.104.116.73
177,Lanny,Kruschev,lkruschev4w@behance.net,Male,117.130.123.78
178,Arlen,Huffa,ahuffa4x@eepurl.com,Female,93.244.58.111
179,Irita,Dartnall,idartnall4y@mit.edu,Female,123.38.40.117
180,Orrin,Crossfield,ocrossfield4z@cam.ac.uk,Male,221.87.87.195
181,Maurine,Mora,mmora50@columbia.edu,Female,183.84.46.130
182,Camilla,Grealy,cgrealy51@parallels.com,Female,52.53.4.48
183,Lennard,Rist,lrist52@va.gov,Male,164.210.43.123
184,Harley,Barnsdall,hbarnsdall53@reddit.com,Male,94.101.206.176
185,Rebekah,Cooley,rcooley54@constantcontact.com,Female,78.93.118.50
186,Georgianna,Jeanneau,gjeanneau55@chicagotribune.com,Female,181.242.161.79
187,Keen,Sedge,ksedge56@canalblog.com,Male,213.91.16.69
188,Laina,Gaw,lgaw57@stumbleupon.com,Female,64.234.169.23
189,Maud,Cretney,mcretney58@sciencedaily.com,Female,32.31.122.57
190,Freeland,Wheatman,fwheatman59@redcross.org,Male,131.206.196.200
191,Bing,Gabbotts,bgabbotts5a@independent.co.uk,Male,44.225.250.239
192,Tybi,Petr,tpetr5b@symantec.com,Female,111.176.66.185
193,Sven,Pott,spott5c@qq.com,Male,72.130.3.127
194,Rollin,Bedells,rbedells5d@wikispaces.com,Male,90.204.255.190
195,Wang,Ottee,wottee5e@com.com,Male,98.185.27.194
196,Cyndia,Wiper,cwiper5f@zimbio.com,Female,5.244.118.133
197,Virginia,Rieflin,vrieflin5g@umn.edu,Female,169.220.56.212
198,Uriel,Noyce,unoyce5h@globo.com,Male,200.182.200.68
199,Llewellyn,Youles,lyoules5i@hexun.com,Male,221.209.99.120
200,Wallace,Coaten,wcoaten5j@newyorker.com,Male,144.229.153.84
201,Grata,Adriano,gadriano5k@fema.gov,Female,145.24.99.137
202,Trevar,Brailey,tbrailey5l@pbs.org,Male,10.93.141.70
203,Durante,Lawday,dlawday5m@yellowbook.com,Male,5.237.50.252
204,Shaine,Crookston,scrookston5n@loc.gov,Female,173.101.79.27
205,Minor,Sapey,msapey5o@jimdo.com,Male,133.2.92.58
206,Leigha,Varty,lvarty5p@ox.ac.uk,Female,119.199.202.8
207,Gordie,Ferschke,gferschke5q@narod.ru,Male,8.184.208.50
208,Venita,Childerley,vchilderley5r@businesswire.com,Female,131.190.32.22
209,Catlaina,Cashley,ccashley5s@ycombinator.com,Female,128.111.152.10
210,Tadio,Maric,tmaric5t@nifty.com,Male,125.125.243.201
211,Fianna,Mayze,fmayze5u@shareasale.com,Female,171.21.33.229
212,Timofei,Beaufoy,tbeaufoy5v@privacy.gov.au,Male,244.27.175.86
213,Davita,Wortt,dwortt5w@tinyurl.com,Female,141.201.89.236
214,Dennison,Pinwill,dpinwill5x@ca.gov,Male,21.8.18.224
215,Florette,Regnard,fregnard5y@prweb.com,Female,30.215.108.161
216,Shanan,Brazenor,sbrazenor5z@nyu.edu,Male,55.12.29.180
217,Hyacinthe,Tullis,htullis60@flickr.com,Female,83.172.90.186
218,Krystal,Romi,kromi61@goodreads.com,Female,67.219.36.183
219,Edgardo,Kilmister,ekilmister62@youtube.com,Male,78.164.186.122
220,Cindelyn,Keggin,ckeggin63@tamu.edu,Female,33.122.11.46
221,Layla,Lamborne,llamborne64@addtoany.com,Female,12.139.71.235
222,Annadiana,Nazair,anazair65@bloomberg.com,Female,126.165.227.222
223,Shea,Whittier,swhittier66@examiner.com,Female,42.204.6.77
224,Saleem,Le Grove,slegrove67@bloglines.com,Male,21.233.161.114
225,Mureil,Heckle,mheckle68@ebay.com,Female,110.206.83.22
226,Alphonse,Agronski,aagronski69@123-reg.co.uk,Male,74.43.142.21
227,Colleen,Effemy,ceffemy6a@shop-pro.jp,Female,145.204.7.155
228,Hinda,Claringbold,hclaringbold6b@acquirethisname.com,Female,250.56.92.196
229,Mickey,Aitken,maitken6c@ehow.com,Male,225.227.7.99
230,Timi,Tailour,ttailour6d@tamu.edu,Female,44.214.92.72
231,Perkin,Meecher,pmeecher6e@comsenz.com,Male,76.24.72.17
232,Gabbi,Cridlon,gcridlon6f@wunderground.com,Female,64.156.165.189
233,Coletta,Arboin,carboin6g@cocolog-nifty.com,Female,65.19.145.39
234,Montague,Adamczyk,madamczyk6h@typepad.com,Male,126.70.22.251
235,Timoteo,Morican,tmorican6i@odnoklassniki.ru,Male,11.142.107.123
236,Tatiania,Ramsey,tramsey6j@webmd.com,Female,209.101.222.103
237,Terrill,Sheasby,tsheasby6k@youtu.be,Male,105.39.247.168
238,Glynn,Winward,gwinward6l@vistaprint.com,Male,101.179.145.135
239,Derron,Swedeland,dswedeland6m@ezinearticles.com,Male,121.37.121.158
240,Kerk,Goodfellow,kgoodfellow6n@wufoo.com,Male,108.66.65.227
241,Jameson,Sheridan,jsheridan6o@usatoday.com,Male,98.238.38.160
242,Haily,Whitcombe,hwhitcombe6p@surveymonkey.com,Male,16.52.162.212
243,Karlens,Berzon,kberzon6q@joomla.org,Male,6.223.158.186
244,Chastity,Orrum,corrum6r@addtoany.com,Female,73.248.34.208
245,Nelie,Piotr,npiotr6s@mapquest.com,Female,88.26.65.63
246,Karney,Baglan,kbaglan6t@ucla.edu,Male,223.226.142.244
247,Kennett,Montford,kmontford6u@pinterest.com,Male,223.88.225.100
248,Clarette,Peppin,cpeppin6v@icq.com,Female,114.175.54.113
249,Curtis,Philipart,cphilipart6w@bluehost.com,Male,133.221.90.106
250,Delmore,Paliser,dpaliser6x@vkontakte.ru,Male,211.29.201.196
251,Chiarra,Longhorne,clonghorne6y@jimdo.com,Female,2.15.58.216
252,Tobias,Greve,tgreve6z@slate.com,Male,229.167.2.185
253,Eddie,Keppie,ekeppie70@1und1.de,Male,118.89.74.27
254,Lambert,Crocken,lcrocken71@yelp.com,Male,125.27.140.224
255,Nevil,Radke,nradke72@wix.com,Male,80.58.251.198
256,Darcy,Mularkey,dmularkey73@rediff.com,Male,157.223.89.167
257,Lisetta,Mattiessen,lmattiessen74@github.io,Female,221.218.222.230
258,Glori,Ambrosini,gambrosini75@youtu.be,Female,231.158.19.46
259,Stanislas,Gallally,sgallally76@indiatimes.com,Male,31.45.144.144
260,Alfredo,Dunge,adunge77@nih.gov,Male,136.90.108.5
261,Rosalinda,Currom,rcurrom78@blog.com,Female,15.14.28.70
262,Janet,Fletcher,jfletcher79@simplemachines.org,Female,220.205.173.158
263,Carmelle,Frie,cfrie7a@europa.eu,Female,77.142.182.218
264,Quinlan,Batts,qbatts7b@spiegel.de,Male,195.79.123.126
265,Cesare,O' Finan,cofinan7c@cbc.ca,Male,121.182.227.203
266,Leon,Yarnall,lyarnall7d@smugmug.com,Male,206.163.211.159
267,Phillipe,Jakoubek,pjakoubek7e@mashable.com,Male,195.233.178.11
268,Roxy,Jirusek,rjirusek7f@technorati.com,Female,151.220.64.31
269,Vernon,Harston,vharston7g@blogspot.com,Male,176.202.61.62
270,Gerrilee,Bluck,gbluck7h@scientificamerican.com,Female,210.215.156.185
271,Danella,Doxsey,ddoxsey7i@microsoft.com,Female,47.213.0.3
272,Bea,Skeeles,bskeeles7j@sphinn.com,Female,144.12.218.95
273,Alina,Fawthrop,afawthrop7k@telegraph.co.uk,Female,80.146.246.67
274,Taryn,Matzke,tmatzke7l@com.com,Female,12.124.102.2
275,Dani,Wannan,dwannan7m@cnbc.com,Male,55.174.232.184
276,Simone,Bouchier,sbouchier7n@wikispaces.com,Male,55.42.90.144
277,Desirae,Hindge,dhindge7o@cornell.edu,Female,209.158.63.234
278,Toby,Neathway,tneathway7p@cmu.edu,Male,253.78.25.102
279,Gabbey,Gossage,ggossage7q@yelp.com,Female,110.170.9.204
280,Barby,Goodbur,bgoodbur7r@com.com,Female,38.206.203.112
281,Conant,Spleving,cspleving7s@psu.edu,Male,151.237.243.62
282,Tye,Pauls,tpauls7t@gov.uk,Male,203.146.241.107
283,Ulrika,Wyer,uwyer7u@weibo.com,Female,224.26.206.87
284,Palm,Le Blanc,pleblanc7v@mediafire.com,Male,47.10.101.127
285,Sybila,MacPeice,smacpeice7w@w3.org,Female,60.88.50.6
286,Jammal,Unwin,junwin7x@jimdo.com,Male,88.130.10.207
287,Gerrie,Maken,gmaken7y@mozilla.com,Female,142.79.25.183
288,Townsend,Neasam,tneasam7z@sohu.com,Male,5.241.167.153
289,Pryce,Hackey,phackey80@vistaprint.com,Male,169.68.177.153
290,Yorke,Speariett,yspeariett81@google.de,Male,128.30.110.153
291,Netty,Bulcock,nbulcock82@fotki.com,Female,50.219.236.236
292,Shamus,Aindriu,saindriu83@deviantart.com,Male,185.77.198.188
293,Kenn,Eteen,keteen84@prweb.com,Male,182.230.2.70
294,Wilbur,Ledingham,wledingham85@about.me,Male,45.64.30.202
295,Griselda,McGlynn,gmcglynn86@issuu.com,Female,124.146.96.24
296,Dorolice,Codd,dcodd87@redcross.org,Female,221.145.145.42
297,Warden,Mudle,wmudle88@list-manage.com,Male,251.66.160.63
298,Stevana,Honniebal,shonniebal89@e-recht24.de,Female,54.69.178.98
299,Sherwood,Spera,sspera8a@about.me,Male,67.207.218.165
300,Gabriella,Padwick,gpadwick8b@blogs.com,Female,23.247.38.57
301,Anita,Westberg,awestberg8c@usnews.com,Female,151.90.55.108
302,Ericka,Kielt,ekielt8d@washingtonpost.com,Female,203.182.151.51
303,Brice,Champniss,bchampniss8e@xing.com,Male,195.119.177.136
304,Adoree,Bare,abare8f@wix.com,Female,43.10.92.201
305,Karola,Peegrem,kpeegrem8g@cnet.com,Female,114.130.27.40
306,Marchelle,Fridaye,mfridaye8h@digg.com,Female,70.138.213.191
307,Jermayne,Fletham,jfletham8i@omniture.com,Male,166.84.116.28
308,Far,Axup,faxup8j@msu.edu,Male,52.166.9.27
309,Ephrem,Ettridge,eettridge8k@about.com,Male,107.50.226.250
310,Rafaello,Annies,rannies8l@creativecommons.org,Male,243.46.182.37
311,Marita,Ledgister,mledgister8m@bandcamp.com,Female,50.1.63.240
312,Michal,Stileman,mstileman8n@google.nl,Male,253.3.146.47
313,Giorgia,Garroch,ggarroch8o@tinypic.com,Female,97.194.36.133
314,Jakob,Lebond,jlebond8p@un.org,Male,150.22.120.244
315,Haydon,Durante,hdurante8q@spiegel.de,Male,171.34.139.49
316,Paton,Seal,pseal8r@fda.gov,Male,39.149.217.31
317,Davine,Johl,djohl8s@spiegel.de,Female,69.193.89.168
318,Chantal,Weber,cweber8t@topsy.com,Female,61.76.255.221
319,Janifer,Mosedall,jmosedall8u@feedburner.com,Female,153.44.104.155
320,Roselin,Speare,rspeare8v@businesswire.com,Female,159.170.197.103
321,Adams,Sandells,asandells8w@newyorker.com,Male,243.76.22.22
322,Cosetta,Penzer,cpenzer8x@cargocollective.com,Female,153.47.89.209
323,Eldon,Timmons,etimmons8y@digg.com,Male,7.74.6.241
324,Trueman,Mastrantone,tmastrantone8z@blogger.com,Male,205.61.222.181
325,Leicester,Danford,ldanford90@wikimedia.org,Male,243.60.174.40
326,Ursula,Oldacres,uoldacres91@chronoengine.com,Female,1.20.115.162
327,Nance,Goeff,ngoeff92@icq.com,Female,208.128.20.107
328,Irving,McGettigan,imcgettigan93@istockphoto.com,Male,216.127.27.138
329,Erroll,Matkin,ematkin94@blogtalkradio.com,Male,30.144.176.122
330,Gwenore,Avrasin,gavrasin95@liveinternet.ru,Female,11.162.104.162
331,Godiva,Ferencowicz,gferencowicz96@un.org,Female,62.174.225.17
332,Jeniffer,Stump,jstump97@cornell.edu,Female,254.28.33.187
333,Enrica,Brazear,ebrazear98@blogger.com,Female,123.130.44.178
334,Colene,Cheater,ccheater99@china.com.cn,Female,16.178.245.19
335,Maritsa,Kroger,mkroger9a@reverbnation.com,Female,248.181.98.54
336,Christie,Boyce,cboyce9b@cisco.com,Female,77.124.127.49
337,Darby,Workes,dworkes9c@webnode.com,Male,22.205.77.253
338,Mill,Olivet,molivet9d@amazon.co.uk,Male,63.123.205.113
339,Heinrik,Brimelow,hbrimelow9e@i2i.jp,Male,241.170.22.221
340,Berti,Cottam,bcottam9f@blogs.com,Male,153.73.23.237
341,Lotti,Claybourne,lclaybourne9g@answers.com,Female,88.112.141.215
342,Arlin,Lettson,alettson9h@princeton.edu,Male,72.164.237.193
343,Millisent,Casacchia,mcasacchia9i@opera.com,Female,52.221.58.151
344,Chelsey,Isaak,cisaak9j@mail.ru,Female,49.104.125.207
345,Hedy,Puttnam,hputtnam9k@cornell.edu,Female,24.136.231.61
346,Meade,Manston,mmanston9l@dot.gov,Female,229.227.109.16
347,Loraine,Thaller,lthaller9m@parallels.com,Female,71.147.114.197
348,Howard,Alvarado,halvarado9n@wikimedia.org,Male,119.17.142.90
349,Kristina,Bainbridge,kbainbridge9o@blogger.com,Female,21.204.1.143
350,Miguelita,Ciccarelli,mciccarelli9p@liveinternet.ru,Female,28.109.121.179
351,Evie,Sharpe,esharpe9q@cnn.com,Female,195.56.25.126
352,Rochester,Morritt,rmorritt9r@hugedomains.com,Male,255.220.68.46
353,Clementius,Renvoise,crenvoise9s@mozilla.com,Male,26.93.32.105
354,Web,Burdekin,wburdekin9t@howstuffworks.com,Male,255.180.247.111
355,Dag,Karlowicz,dkarlowicz9u@ovh.net,Male,167.169.160.105
356,Newton,Senett,nsenett9v@webs.com,Male,135.16.8.246
357,Ogdon,Bussens,obussens9w@wordpress.com,Male,219.112.44.19
358,Penelopa,Ambler,pambler9x@usa.gov,Female,195.33.93.175
359,Jeana,McGuiney,jmcguiney9y@trellian.com,Female,55.119.146.138
360,Walther,Spadaro,wspadaro9z@dedecms.com,Male,190.166.69.118
361,Emelda,Mellows,emellowsa0@nps.gov,Female,137.91.205.17
362,Kathye,Fawbert,kfawberta1@livejournal.com,Female,72.208.40.126
363,Seth,Tippler,stipplera2@webs.com,Male,248.0.38.58
364,Karalynn,Airlie,kairliea3@opensource.org,Female,11.150.169.202
365,Tate,Eudall,teudalla4@cpanel.net,Female,41.153.158.64
366,Jeffie,Markussen,jmarkussena5@si.edu,Male,3.228.88.112
367,Conny,Seyers,cseyersa6@seesaa.net,Male,251.217.137.241
368,Hartley,Scarfe,hscarfea7@tripadvisor.com,Male,197.148.234.16
369,Ronda,Giraudoux,rgiraudouxa8@facebook.com,Female,180.206.138.44
370,Merci,Cracie,mcraciea9@adobe.com,Female,159.198.182.192
371,Rosie,de Leon,rdeleonaa@eepurl.com,Female,64.56.67.130
372,Claudio,Alwell,calwellab@umich.edu,Male,81.243.34.136
373,Norrie,Eckery,neckeryac@huffingtonpost.com,Male,125.182.160.192
374,Brannon,Kneeshaw,bkneeshawad@google.pl,Male,161.205.120.243
375,Rosalinde,Linke,rlinkeae@lulu.com,Female,87.238.85.39
376,Boone,Flann,bflannaf@trellian.com,Male,106.20.208.91
377,Madison,Rosenschein,mrosenscheinag@imdb.com,Male,206.108.83.216
378,Ephraim,Stone Fewings,estonefewingsah@illinois.edu,Male,74.50.191.252
379,Suzette,McClinton,smcclintonai@shutterfly.com,Female,197.219.250.12
380,Rhea,Newband,rnewbandaj@nih.gov,Female,9.160.32.183
381,Maisey,Polson,mpolsonak@loc.gov,Female,55.235.162.254
382,Ignacius,Tanzer,itanzeral@gravatar.com,Male,6.160.231.135
383,Bealle,Keast,bkeastam@desdev.cn,Male,22.128.100.17
384,Russ,Hamnet,rhamnetan@pinterest.com,Male,55.41.33.2
385,Langsdon,Laydon,llaydonao@flickr.com,Male,91.12.93.80
386,Latrina,Entwisle,lentwisleap@yahoo.com,Female,207.107.212.229
387,Issy,Gerlts,igerltsaq@omniture.com,Female,150.43.136.78
388,Sherye,Gleder,sglederar@nsw.gov.au,Female,157.251.170.202
389,Melisent,Wenn,mwennas@berkeley.edu,Female,96.18.9.21
390,Gael,Manhare,gmanhareat@salon.com,Male,230.206.182.245
391,Layla,Longdon,llongdonau@yahoo.com,Female,201.159.194.238
392,Sonni,Raff,sraffav@so-net.ne.jp,Female,52.54.128.133
393,Tabby,Beadon,tbeadonaw@prweb.com,Female,9.58.50.190
394,Joaquin,Josephoff,jjosephoffax@smh.com.au,Male,54.16.145.229
395,Audi,Spoure,aspoureay@networkadvertising.org,Female,117.219.179.143
396,Rab,Naldrett,rnaldrettaz@dedecms.com,Male,132.184.172.149
397,Monty,Scraggs,mscraggsb0@prnewswire.com,Male,186.214.219.117
398,Wolfgang,Parzis,wparzisb1@yale.edu,Male,20.146.240.175
399,Joycelin,MacEveley,jmaceveleyb2@stanford.edu,Female,136.144.29.125
400,Jordon,Cullon,jcullonb3@stanford.edu,Male,186.107.179.122
401,Edi,Escalera,eescalerab4@wikimedia.org,Female,119.136.38.173
402,Christean,Itzkovwich,citzkovwichb5@arizona.edu,Female,2.108.147.63
403,Fannie,Ulyet,fulyetb6@imageshack.us,Female,109.101.69.134
404,Ethyl,Niles,enilesb7@usda.gov,Female,32.185.186.111
405,Beret,Crawley,bcrawleyb8@pinterest.com,Female,58.107.80.188
406,Jaymee,Scuse,jscuseb9@ycombinator.com,Female,90.183.109.16
407,Clarke,Iorillo,ciorilloba@sun.com,Male,174.115.156.64
408,Hagen,Seligson,hseligsonbb@nps.gov,Male,108.254.98.36
409,Heinrik,Rosenfarb,hrosenfarbbc@w3.org,Male,187.19.98.211
410,Moira,Goldstraw,mgoldstrawbd@alexa.com,Female,0.142.28.94
411,Jazmin,Macer,jmacerbe@ibm.com,Female,19.208.191.191
412,Sal,Pollok,spollokbf@about.me,Female,126.229.2.183
413,Sanderson,Tweddell,stweddellbg@eepurl.com,Male,156.105.237.234
414,Stanton,Klishin,sklishinbh@nydailynews.com,Male,184.217.139.19
415,Morley,Verma,mvermabi@usda.gov,Male,26.190.35.79
416,Gwendolyn,Lazonby,glazonbybj@loc.gov,Female,159.157.2.113
417,Ode,Tomasutti,otomasuttibk@skype.com,Male,222.50.166.172
418,Ethelyn,Mollnar,emollnarbl@hp.com,Female,94.223.172.139
419,Francesco,Pardi,fpardibm@bbb.org,Male,119.71.42.110
420,Demetre,Waldren,dwaldrenbn@springer.com,Male,174.42.234.40
421,Sandy,Starbeck,sstarbeckbo@lycos.com,Female,234.253.198.74
422,Kaela,Saville,ksavillebp@twitter.com,Female,156.0.194.246
423,Westbrooke,Cribbott,wcribbottbq@wordpress.com,Male,53.79.206.40
424,Kerr,Bechley,kbechleybr@kickstarter.com,Male,201.111.190.71
425,Sabrina,Brearton,sbreartonbs@51.la,Female,222.86.227.116
426,Madge,Moxom,mmoxombt@a8.net,Female,42.201.194.145
427,Killy,Limbourne,klimbournebu@gov.uk,Male,121.136.243.84
428,Kele,Shilburne,kshilburnebv@quantcast.com,Male,194.240.188.147
429,Maddalena,Yankov,myankovbw@de.vu,Female,93.220.200.155
430,Boniface,Ive,bivebx@ezinearticles.com,Male,112.125.95.150
431,Marcille,Gumb,mgumbby@utexas.edu,Female,20.126.11.151
432,Josie,Pechan,jpechanbz@example.com,Female,219.253.180.157
433,Ronna,Landal,rlandalc0@weather.com,Female,185.2.153.37
434,Arleen,Huby,ahubyc1@smh.com.au,Female,221.34.134.122
435,Loutitia,Yeudall,lyeudallc2@msn.com,Female,162.41.92.127
436,Gussi,McKeurton,gmckeurtonc3@freewebs.com,Female,244.221.175.215
437,Ruprecht,Millthorpe,rmillthorpec4@quantcast.com,Male,205.171.166.166
438,Elora,Hyman,ehymanc5@ox.ac.uk,Female,100.231.252.156
439,Thornie,Severns,tsevernsc6@shutterfly.com,Male,5.179.229.36
440,Meta,Duffet,mduffetc7@parallels.com,Female,189.23.81.178
441,Adora,Whitworth,awhitworthc8@apple.com,Female,235.187.42.250
442,Vernor,Gudahy,vgudahyc9@quantcast.com,Male,181.102.97.24
443,Datha,Pahl,dpahlca@time.com,Female,195.210.172.71
444,Brandy,L'Amie,blamiecb@redcross.org,Male,151.15.82.165
445,Shay,Briance,sbriancecc@blogspot.com,Male,52.191.181.234
446,Fabian,Tuffley,ftuffleycd@example.com,Male,80.30.200.186
447,Hetty,Smale,hsmalece@huffingtonpost.com,Female,96.233.127.196
448,Hartley,Alcido,halcidocf@techcrunch.com,Male,119.80.254.219
449,Lora,Hartegan,lhartegancg@ycombinator.com,Female,13.222.14.246
450,Katee,Claw,kclawch@yahoo.co.jp,Female,196.67.232.123
451,Emmey,Taplin,etaplinci@uiuc.edu,Female,183.96.22.61
452,Blane,Burkert,bburkertcj@geocities.jp,Male,192.178.171.131
453,Desdemona,Dhenin,ddheninck@cpanel.net,Female,73.205.161.72
454,David,Jerdan,djerdancl@networksolutions.com,Male,197.152.252.182
455,Penn,Wilkes,pwilkescm@baidu.com,Male,220.50.1.114
456,Noami,Ronaghan,nronaghancn@blogspot.com,Female,28.50.19.96
457,Emelda,Hendron,ehendronco@google.com,Female,17.158.58.71
458,Elfreda,Van Niekerk,evanniekerkcp@hhs.gov,Female,139.41.229.6
459,Rab,Charrett,rcharrettcq@blogtalkradio.com,Male,167.6.31.18
460,Monti,Esbrook,mesbrookcr@hp.com,Male,215.191.58.233
461,Celestyna,Klinck,cklinckcs@free.fr,Female,232.134.140.236
462,Tammy,Sucre,tsucrect@networksolutions.com,Male,54.39.161.19
463,Dorisa,Pues,dpuescu@delicious.com,Female,68.27.46.110
464,Hewitt,Element,helementcv@mozilla.org,Male,8.130.154.99
465,Abeu,McLaggan,amclaggancw@spiegel.de,Male,94.97.249.211
466,Paige,Rides,pridescx@rambler.ru,Male,229.106.5.189
467,Roby,Davidzon,rdavidzoncy@umich.edu,Female,173.153.39.175
468,Jeniffer,Beavis,jbeaviscz@comsenz.com,Female,96.60.24.28
469,Imogen,Davsley,idavsleyd0@washingtonpost.com,Female,168.166.76.166
470,Winny,Sawfoot,wsawfootd1@netvibes.com,Female,45.164.27.202
471,Andrea,Joseland,ajoselandd2@archive.org,Female,121.127.10.186
472,Dar,Phythean,dphytheand3@godaddy.com,Male,232.122.153.142
473,Edmund,Almack,ealmackd4@si.edu,Male,174.87.162.120
474,Jerald,Lindenblatt,jlindenblattd5@dyndns.org,Male,21.26.39.250
475,Grantley,Boltwood,gboltwoodd6@miibeian.gov.cn,Male,53.241.182.130
476,Stefan,Johanning,sjohanningd7@mediafire.com,Male,62.190.254.11
477,Packston,Tuffey,ptuffeyd8@moonfruit.com,Male,57.4.171.52
478,Lynda,Corradino,lcorradinod9@amazon.de,Female,241.187.44.188
479,Clemmie,Ludewig,cludewigda@vk.com,Female,39.173.57.188
480,Rudolph,Ellam,rellamdb@php.net,Male,178.73.10.124
481,Phil,Klima,pklimadc@miibeian.gov.cn,Male,185.230.130.165
482,Hana,Lumber,hlumberdd@nba.com,Female,134.231.50.243
483,Adolpho,Kinnerley,akinnerleyde@utexas.edu,Male,126.3.112.72
484,Jamie,Ballay,jballaydf@eepurl.com,Male,32.85.106.29
485,Annora,Laverty,alavertydg@bbb.org,Female,194.233.228.98
486,Arvie,Battista,abattistadh@huffingtonpost.com,Male,191.199.191.237
487,Rockwell,Parton,rpartondi@umich.edu,Male,250.118.76.175
488,Giselbert,Aizikowitz,gaizikowitzdj@ebay.com,Male,32.214.155.195
489,Riki,Malan,rmalandk@hostgator.com,Female,43.121.186.52
490,Dal,Moorerud,dmooreruddl@google.com.br,Male,247.140.118.148
491,Ailyn,Donoghue,adonoghuedm@apple.com,Female,211.61.132.122
492,Emalia,Domegan,edomegandn@fda.gov,Female,84.226.20.97
493,Maridel,Iacovides,miacovidesdo@arizona.edu,Female,224.3.129.252
494,Israel,Diplock,idiplockdp@addthis.com,Male,221.81.252.167
495,Enrika,Creswell,ecreswelldq@t.co,Female,25.150.3.8
496,Gert,D'Costa,gdcostadr@usnews.com,Female,160.90.123.196
497,Leoline,Loxston,lloxstonds@cdbaby.com,Female,78.138.215.60
498,Nil,Farmer,nfarmerdt@spiegel.de,Male,249.0.25.247
499,Leo,Klagges,lklaggesdu@netvibes.com,Male,216.230.224.188
500,Maribel,Simnor,msimnordv@goo.gl,Female,160.126.28.182
501,Marlin,Jammet,mjammetdw@cmu.edu,Male,26.187.57.141
502,Rossie,Riddington,rriddingtondx@digg.com,Male,103.66.87.102
503,Cilka,O' Mullan,comullandy@so-net.ne.jp,Female,78.230.43.134
504,Hewie,Newrick,hnewrickdz@nytimes.com,Male,149.224.204.142
505,Thorpe,MacMickan,tmacmickane0@sitemeter.com,Male,156.104.251.159
506,Lucille,Edgin,ledgine1@360.cn,Female,36.217.154.174
507,Nikolas,Lingard,nlingarde2@parallels.com,Male,196.106.90.229
508,Baxter,Damiral,bdamirale3@disqus.com,Male,169.179.176.236
509,Swen,Skocroft,sskocrofte4@hhs.gov,Male,10.216.250.36
510,Kelila,Eltun,keltune5@4shared.com,Female,128.156.54.51
511,Tymothy,Skeemer,tskeemere6@goo.ne.jp,Male,30.239.13.134
512,Penny,Restall,prestalle7@yellowpages.com,Male,188.152.37.178
513,Nevins,Hansford,nhansforde8@uol.com.br,Male,123.114.157.174
514,Arvie,Lanahan,alanahane9@google.com.au,Male,153.88.54.122
515,Kerrin,MacDuff,kmacduffea@uiuc.edu,Female,141.71.136.254
516,Keelby,Chapleo,kchapleoeb@4shared.com,Male,118.100.180.110
517,Northrop,Dominique,ndominiqueec@bloglines.com,Male,12.43.80.243
518,Mead,Fairholm,mfairholmed@aol.com,Male,92.117.224.95
519,Carleen,Danko,cdankoee@cnbc.com,Female,141.241.27.224
520,Alfredo,Tilley,atilleyef@cbslocal.com,Male,218.206.247.59
521,Faith,Haly,fhalyeg@freewebs.com,Female,146.141.128.13
522,Daron,Rourke,drourkeeh@i2i.jp,Male,139.64.104.119
523,Silvano,Fetterplace,sfetterplaceei@hubpages.com,Male,193.115.227.33
524,Cristin,Kilsby,ckilsbyej@51.la,Female,152.135.154.38
525,Max,McPhaden,mmcphadenek@newsvine.com,Male,196.35.24.215
526,Dania,Tomovic,dtomovicel@booking.com,Female,240.61.129.14
527,Derry,Pharro,dpharroem@mozilla.com,Male,91.64.103.141
528,Audy,Gotthard,agottharden@europa.eu,Female,126.9.59.101
529,Mohammed,Frissell,mfrisselleo@comcast.net,Male,108.89.207.32
530,Cosimo,Canning,ccanningep@prweb.com,Male,184.247.8.76
531,Jyoti,Edmead,jedmeadeq@guardian.co.uk,Female,207.252.129.88
532,Vania,Runcieman,vrunciemaner@tiny.cc,Female,240.195.134.128
533,Rita,O'Geneay,rogeneayes@un.org,Female,37.48.253.241
534,Francesco,Flatt,fflattet@slideshare.net,Male,175.156.98.255
535,Blakelee,Jagson,bjagsoneu@bizjournals.com,Female,77.214.230.181
536,Carline,Keats,ckeatsev@jimdo.com,Female,14.110.202.178
537,Bette,Kirwin,bkirwinew@a8.net,Female,204.144.204.82
538,Gian,Timewell,gtimewellex@fastcompany.com,Male,60.51.181.150
539,Nikolas,Cleveland,nclevelandey@hibu.com,Male,251.3.251.37
540,Vance,Aleksandrev,valeksandrevez@blogspot.com,Male,50.215.220.180
541,Eddie,Ogus,eogusf0@unicef.org,Male,49.180.103.8
542,Bennie,Extence,bextencef1@example.com,Female,245.158.215.12
543,Pansy,Svanetti,psvanettif2@elpais.com,Female,240.124.64.93
544,Ruby,Vatcher,rvatcherf3@weather.com,Male,1.105.12.180
545,Starr,Coysh,scoyshf4@furl.net,Female,209.235.178.101
546,Cosmo,Shenton,cshentonf5@ucoz.ru,Male,203.107.39.118
547,Ragnar,Cartmel,rcartmelf6@addtoany.com,Male,56.138.214.30
548,Trula,Buckwell,tbuckwellf7@china.com.cn,Female,137.228.192.171
549,Kelcie,Shea,ksheaf8@addtoany.com,Female,59.11.100.236
550,Belicia,Pontain,bpontainf9@instagram.com,Female,117.140.124.156
551,Chloette,Cavendish,ccavendishfa@twitpic.com,Female,46.226.235.245
552,Lilah,Tellett,ltellettfb@cbslocal.com,Female,5.5.35.183
553,Mort,Frensche,mfrenschefc@state.gov,Male,96.206.29.38
554,Katya,Brim,kbrimfd@is.gd,Female,83.228.145.33
555,Buddy,Bird,bbirdfe@census.gov,Male,222.38.84.68
556,Alene,Willment,awillmentff@ezinearticles.com,Female,53.151.18.6
557,Delila,Winward,dwinwardfg@google.it,Female,25.39.208.21
558,Ross,Sleightholme,rsleightholmefh@google.co.uk,Male,105.246.55.219
559,Thatch,McCarter,tmccarterfi@hp.com,Male,28.24.28.120
560,Ingunna,Seebright,iseebrightfj@unesco.org,Female,178.189.70.82
561,Giustino,Pifford,gpiffordfk@shinystat.com,Male,175.110.175.238
562,Imelda,La Rosa,ilarosafl@foxnews.com,Female,14.223.144.48
563,Anestassia,Cullip,acullipfm@hhs.gov,Female,221.47.240.28
564,Tulley,Rough,troughfn@quantcast.com,Male,181.152.84.13
565,Legra,Linton,llintonfo@ox.ac.uk,Female,255.24.83.107
566,Kendrick,Fairleigh,kfairleighfp@cam.ac.uk,Male,44.109.251.198
567,Kimmy,Tucsell,ktucsellfq@google.co.jp,Female,43.196.143.32
568,Oralle,Oloman,oolomanfr@ycombinator.com,Female,70.240.114.204
569,Auberon,Sellwood,asellwoodfs@icq.com,Male,131.148.208.55
570,Kristan,Cloke,kclokeft@ca.gov,Female,51.120.172.77
571,Kip,Cale,kcalefu@privacy.gov.au,Female,154.1.243.91
572,Rebeca,Furmston,rfurmstonfv@altervista.org,Female,224.246.193.192
573,Freedman,Vittet,fvittetfw@nyu.edu,Male,30.142.26.221
574,Jane,Van der Spohr,jvanderspohrfx@npr.org,Female,249.231.47.139
575,Verena,Kingsnorth,vkingsnorthfy@nba.com,Female,91.5.103.8
576,Robinet,Lambarth,rlambarthfz@businessweek.com,Female,2.17.126.253
577,Barty,Hardison,bhardisong0@digg.com,Male,251.78.82.203
578,Leanora,Wilbud,lwilbudg1@guardian.co.uk,Female,121.72.204.249
579,Cornelius,Collcott,ccollcottg2@technorati.com,Male,226.50.180.9
580,Randie,Sighard,rsighardg3@tiny.cc,Male,73.104.16.29
581,Alvie,Turmel,aturmelg4@oracle.com,Male,71.158.86.137
582,Constantine,Pikesley,cpikesleyg5@chron.com,Male,76.231.136.80
583,Koo,McComb,kmccombg6@opera.com,Female,240.116.104.33
584,Bail,Chaters,bchatersg7@rakuten.co.jp,Male,205.156.7.17
585,Nancie,Laidel,nlaidelg8@tiny.cc,Female,100.179.145.160
586,Joellen,Swales,jswalesg9@youku.com,Female,186.166.36.25
587,Pooh,Massy,pmassyga@vk.com,Female,36.52.184.145
588,Abigail,Somerton,asomertongb@shareasale.com,Female,178.28.220.48
589,Augy,Decaze,adecazegc@uiuc.edu,Male,226.51.133.125
590,Janis,Cunnell,jcunnellgd@telegraph.co.uk,Female,124.26.30.21
591,Nealon,Knappen,nknappenge@liveinternet.ru,Male,241.108.43.52
592,Selina,Sabbin,ssabbingf@naver.com,Female,186.91.155.96
593,Osgood,Gatty,ogattygg@rediff.com,Male,183.142.33.19
594,Elsbeth,Santello,esantellogh@narod.ru,Female,76.117.249.163
595,Saundra,Dorgan,sdorgangi@chron.com,Male,7.88.22.243
596,Micheil,Bloys,mbloysgj@friendfeed.com,Male,115.216.124.55
597,Mehetabel,Veazey,mveazeygk@gizmodo.com,Female,49.206.132.205
598,Arluene,Cham,achamgl@un.org,Female,200.235.183.12
599,Benito,Bouts,bboutsgm@usatoday.com,Male,21.118.174.22
600,Sheilah,Handlin,shandlingn@wisc.edu,Female,220.255.193.203
601,Britney,Dunseath,bdunseathgo@bbb.org,Female,231.31.103.124
602,Dav,Harverson,dharversongp@1688.com,Male,28.67.20.177
603,Alex,Emburey,aembureygq@bloomberg.com,Male,128.48.28.147
604,Oberon,Jarman,ojarmangr@ustream.tv,Male,91.17.80.198
605,Milicent,Dight,mdightgs@wordpress.com,Female,220.199.205.9
606,Prue,Cassell,pcassellgt@hubpages.com,Female,242.46.76.28
607,Modesta,Massenhove,mmassenhovegu@goo.ne.jp,Female,211.136.42.37
608,Janet,Yorkston,jyorkstongv@sitemeter.com,Female,21.239.229.76
609,Gertruda,Dabell,gdabellgw@cargocollective.com,Female,4.155.72.215
610,Sella,Wignall,swignallgx@nature.com,Female,209.169.218.66
611,Jed,Crooks,jcrooksgy@google.co.uk,Male,58.44.30.72
612,Dayna,Whiteley,dwhiteleygz@google.pl,Female,194.212.101.162
613,Kit,Piggin,kpigginh0@tuttocitta.it,Male,89.233.96.209
614,Atlanta,Gores,agoresh1@odnoklassniki.ru,Female,67.178.144.241
615,Dalt,Cutchie,dcutchieh2@exblog.jp,Male,66.3.167.243
616,Byrom,Spellard,bspellardh3@comcast.net,Male,217.37.155.200
617,Connie,Hazell,chazellh4@salon.com,Male,87.52.44.157
618,Dorian,Pittem,dpittemh5@timesonline.co.uk,Male,170.179.227.164
619,Hatti,Gillani,hgillanih6@purevolume.com,Female,155.205.157.209
620,Findley,Korb,fkorbh7@topsy.com,Male,196.226.184.78
621,Caresa,Dignam,cdignamh8@amazon.co.uk,Female,236.155.210.180
622,Valdemar,Stuck,vstuckh9@businessweek.com,Male,192.149.168.243
623,Gardner,Wollard,gwollardha@tripadvisor.com,Male,8.71.133.75
624,Cyndy,Lovemore,clovemorehb@elpais.com,Female,2.124.1.186
625,Loutitia,Shafe,lshafehc@apple.com,Female,194.4.174.196
626,Nicolais,Druhan,ndruhanhd@i2i.jp,Male,166.219.188.159
627,Petronella,Tebbett,ptebbetthe@home.pl,Female,165.211.24.12
628,Horacio,Cleeton,hcleetonhf@youku.com,Male,61.60.242.86
629,Carolann,Clatworthy,cclatworthyhg@yahoo.com,Female,99.91.69.47
630,Allx,Lachaize,alachaizehh@goo.gl,Female,176.212.101.24
631,Manolo,Schach,mschachhi@businesswire.com,Male,118.54.73.8
632,Etienne,Legier,elegierhj@acquirethisname.com,Male,95.98.180.51
633,Timmy,Insall,tinsallhk@netlog.com,Female,61.254.2.129
634,Parnell,Fishly,pfishlyhl@usatoday.com,Male,114.166.254.106
635,Giacobo,Mercey,gmerceyhm@buzzfeed.com,Male,210.136.86.12
636,Sandro,Gilston,sgilstonhn@yahoo.co.jp,Male,171.3.1.30
637,Julian,Hickford,jhickfordho@deliciousdays.com,Male,60.70.20.254
638,Judye,Lobley,jlobleyhp@squarespace.com,Female,169.74.207.97
639,Lorelei,Newick,lnewickhq@sohu.com,Female,0.87.155.163
640,Barnabe,Sant,bsanthr@weebly.com,Male,7.25.233.218
641,Chandler,Jolland,cjollandhs@hexun.com,Male,75.14.11.250
642,Parke,Greenall,pgreenallht@gravatar.com,Male,36.176.179.125
643,Orel,Hinkensen,ohinkensenhu@constantcontact.com,Female,119.167.67.180
644,Christalle,Windeatt,cwindeatthv@github.com,Female,121.142.166.39
645,Boot,Van Dijk,bvandijkhw@icio.us,Male,190.56.130.35
646,Burnard,Pinn,bpinnhx@google.com,Male,67.174.177.241
647,Veda,Lewing,vlewinghy@google.nl,Female,134.65.194.82
648,Sophie,Ivashkov,sivashkovhz@hugedomains.com,Female,92.118.27.118
649,Sashenka,Gothrup,sgothrupi0@nydailynews.com,Female,140.208.138.59
650,Haskel,Sollett,hsolletti1@lulu.com,Male,101.161.44.6
651,Almeta,McIlhone,amcilhonei2@desdev.cn,Female,116.140.34.138
652,Denney,Augustine,daugustinei3@zimbio.com,Male,177.137.55.48
653,Bette,Ingreda,bingredai4@bigcartel.com,Female,45.88.97.202
654,Thayne,Woodroof,twoodroofi5@loc.gov,Male,30.114.103.150
655,Forest,Vautier,fvautieri6@epa.gov,Male,57.222.56.136
656,Kaleb,Hamblett,khambletti7@rambler.ru,Male,35.248.56.229
657,Ara,Steuhlmeyer,asteuhlmeyeri8@usgs.gov,Female,96.228.121.39
658,Webster,Dragon,wdragoni9@hao123.com,Male,250.94.164.3
659,Zea,Whiff,zwhiffia@odnoklassniki.ru,Female,116.146.88.76
660,Tabbie,Klimentyonok,tklimentyonokib@netlog.com,Female,150.88.225.103
661,Devonna,Campana,dcampanaic@sfgate.com,Female,172.250.197.0
662,Niels,Ayerst,nayerstid@sogou.com,Male,142.18.203.43
663,Deane,Parkin,dparkinie@ovh.net,Female,251.132.63.138
664,Kaleb,Skells,kskellsif@cnet.com,Male,68.248.60.247
665,Rossy,Bielefeld,rbielefeldig@narod.ru,Male,145.230.30.57
666,Rianon,Salvin,rsalvinih@google.pl,Female,100.6.54.148
667,Hendrick,Ionesco,hionescoii@dropbox.com,Male,102.26.202.79
668,Kaitlyn,Barajaz,kbarajazij@arizona.edu,Female,204.252.138.112
669,Rikki,Sommerfeld,rsommerfeldik@4shared.com,Male,135.242.20.178
670,Mavis,Filyakov,mfilyakovil@cmu.edu,Female,34.95.122.4
671,Benedikt,Kentish,bkentishim@adobe.com,Male,14.141.67.121
672,Matthew,Milmore,mmilmorein@squarespace.com,Male,197.27.174.215
673,Pippy,Halbert,phalbertio@google.de,Female,243.148.120.230
674,Fran,Monier,fmonierip@rambler.ru,Male,172.148.1.207
675,Jeannine,Jenking,jjenkingiq@51.la,Female,158.16.186.133
676,Dulci,Whal,dwhalir@tinypic.com,Female,64.110.2.167
677,Nikolia,Iacavone,niacavoneis@cocolog-nifty.com,Female,161.1.51.49
678,Cointon,Cowdrey,ccowdreyit@spotify.com,Male,53.31.233.41
679,Humberto,Mager,hmageriu@phpbb.com,Male,135.182.227.28
680,Hieronymus,Scutt,hscuttiv@mlb.com,Male,68.34.172.175
681,Karlene,Daniele,kdanieleiw@amazon.co.jp,Female,207.209.209.146
682,Maxi,Hise,mhiseix@reverbnation.com,Female,255.12.42.187
683,Berky,Durward,bdurwardiy@miitbeian.gov.cn,Male,52.218.75.230
684,Gusty,Fernely,gfernelyiz@shutterfly.com,Female,152.5.92.203
685,Kelcy,Gratten,kgrattenj0@amazon.de,Female,243.176.202.98
686,Cherice,Sehorsch,csehorschj1@prnewswire.com,Female,217.139.249.168
687,Gail,Caines,gcainesj2@ow.ly,Female,105.85.197.9
688,Lavinie,Tonkes,ltonkesj3@weibo.com,Female,214.117.96.99
689,Normy,Grimston,ngrimstonj4@webmd.com,Male,249.191.181.184
690,Griffith,Sanham,gsanhamj5@ted.com,Male,101.183.57.102
691,Barron,Bastiman,bbastimanj6@cornell.edu,Male,146.108.93.192
692,Nananne,Plews,nplewsj7@webeden.co.uk,Female,238.109.76.31
693,Doyle,Drinkel,ddrinkelj8@telegraph.co.uk,Male,32.145.20.251
694,Teresa,Strangeways,tstrangewaysj9@nydailynews.com,Female,235.245.78.204
695,Binny,Lomaz,blomazja@altervista.org,Female,49.171.152.184
696,Rodger,Gooda,rgoodajb@forbes.com,Male,49.68.105.107
697,Winny,Farfull,wfarfulljc@wsj.com,Male,157.60.236.204
698,Carolina,Tregust,ctregustjd@omniture.com,Female,152.181.37.90
699,Elsworth,Taylour,etaylourje@jugem.jp,Male,54.125.58.128
700,Ernesto,Klimkiewich,eklimkiewichjf@behance.net,Male,167.23.232.182
701,Chester,O'Shaughnessy,coshaughnessyjg@flavors.me,Male,93.164.228.58
702,Abner,Guillem,aguillemjh@upenn.edu,Male,111.26.105.239
703,Levon,Choules,lchoulesji@github.io,Male,234.74.251.204
704,Ethelbert,Slowcock,eslowcockjj@aboutads.info,Male,147.37.184.60
705,Brady,Gurnell,bgurnelljk@accuweather.com,Male,36.99.15.103
706,Devina,Lilleyman,dlilleymanjl@google.ru,Female,239.119.118.188
707,Lonny,Lazarus,llazarusjm@usgs.gov,Male,183.172.35.34
708,Marcellus,Gozzard,mgozzardjn@typepad.com,Male,52.149.249.228
709,Lynde,Pavic,lpavicjo@unc.edu,Female,66.115.137.1
710,Hunfredo,Gildersleaves,hgildersleavesjp@ask.com,Male,154.64.251.104
711,Cecilius,Greguoli,cgreguolijq@reuters.com,Male,128.1.215.3
712,Chic,Beekman,cbeekmanjr@github.io,Male,242.181.229.26
713,Livvie,Scougal,lscougaljs@taobao.com,Female,46.22.49.119
714,Wilfrid,Morter,wmorterjt@clickbank.net,Male,52.236.158.29
715,Kare,Bradock,kbradockju@ca.gov,Female,77.73.200.164
716,Saxon,Ebbetts,sebbettsjv@seattletimes.com,Male,193.195.253.118
717,Frederich,Burtenshaw,fburtenshawjw@mtv.com,Male,174.113.244.176
718,Lin,Insull,linsulljx@jimdo.com,Female,54.151.146.157
719,Veradis,Longfut,vlongfutjy@over-blog.com,Female,209.182.140.147
720,Kellen,Plaunch,kplaunchjz@technorati.com,Male,248.116.1.233
721,Tadio,Pavlovsky,tpavlovskyk0@1und1.de,Male,104.11.14.29
722,Shannah,Filan,sfilank1@ca.gov,Female,181.200.54.31
723,Roth,Zebedee,rzebedeek2@google.com.au,Male,20.197.58.113
724,Modesta,Ryton,mrytonk3@google.fr,Female,61.76.175.190
725,Ignatius,Wethers,iwethersk4@uol.com.br,Male,154.129.223.114
726,Padget,Bardey,pbardeyk5@google.es,Male,163.170.248.109
727,Susanne,Lambdean,slambdeank6@cbc.ca,Female,198.130.169.135
728,Eugenius,Echalie,eechaliek7@bloglovin.com,Male,184.102.123.166
729,James,Phebee,jphebeek8@bluehost.com,Male,8.239.146.56
730,Rina,Stringfellow,rstringfellowk9@adobe.com,Female,67.152.85.204
731,Lindy,Schuck,lschuckka@google.de,Male,107.152.197.181
732,Kimberly,Riddett,kriddettkb@virginia.edu,Female,235.134.168.128
733,Nat,Jime,njimekc@shop-pro.jp,Female,59.121.180.144
734,Ofelia,Ameer-Beg,oameerbegkd@freewebs.com,Female,184.87.156.220
735,Stearn,Heaphy,sheaphyke@purevolume.com,Male,58.15.66.105
736,Elset,Grishinov,egrishinovkf@tinypic.com,Female,97.38.137.130
737,Auguste,McGinn,amcginnkg@printfriendly.com,Female,134.118.247.254
738,Annabella,Bletcher,abletcherkh@discuz.net,Female,46.95.49.237
739,Joaquin,Pagett,jpagettki@time.com,Male,22.190.34.120
740,Mark,Knowlton,mknowltonkj@miitbeian.gov.cn,Male,146.79.82.5
741,Lesli,Arkwright,larkwrightkk@livejournal.com,Female,204.236.95.247
742,Moritz,Whye,mwhyekl@edublogs.org,Male,147.31.110.142
743,Kaleb,Whinray,kwhinraykm@tumblr.com,Male,191.23.188.228
744,Josias,Stead,jsteadkn@seattletimes.com,Male,188.174.109.151
745,Nico,Clitsome,nclitsomeko@typepad.com,Male,187.19.238.212
746,Lorianna,Clee,lcleekp@last.fm,Female,13.191.238.120
747,Herculie,Hum,hhumkq@spiegel.de,Male,49.67.39.226
748,Valentia,Grocutt,vgrocuttkr@netlog.com,Female,125.213.194.217
749,Griffin,Fallowes,gfallowesks@theguardian.com,Male,184.247.153.237
750,Leonore,Gye,lgyekt@blogger.com,Female,255.142.218.76
751,Marcellus,Smithin,msmithinku@artisteer.com,Male,33.45.219.15
752,Tilly,Newdick,tnewdickkv@omniture.com,Female,30.130.51.127
753,Alvira,Barns,abarnskw@shinystat.com,Female,179.237.165.76
754,Winthrop,Gudge,wgudgekx@mysql.com,Male,82.176.29.228
755,Loretta,Lerwell,llerwellky@archive.org,Female,93.102.200.175
756,Jeanine,McEvay,jmcevaykz@networksolutions.com,Female,27.159.167.208
757,Mathilde,Cumes,mcumesl0@fc2.com,Female,7.101.204.130
758,Philip,Gates,pgatesl1@nytimes.com,Male,4.163.159.12
759,Nathanil,Dymocke,ndymockel2@pbs.org,Male,168.51.208.158
760,Ansell,Mansion,amansionl3@apache.org,Male,108.135.239.48
761,Spenser,Domoni,sdomonil4@mit.edu,Male,154.184.194.36
762,Reeba,Summergill,rsummergilll5@dropbox.com,Female,229.28.213.86
763,Lorant,Thorald,lthoraldl6@nyu.edu,Male,206.235.13.211
764,Grantley,Trinbey,gtrinbeyl7@google.nl,Male,231.32.112.246
765,Thain,Osinin,tosininl8@parallels.com,Male,59.242.195.45
766,Micheal,Moyser,mmoyserl9@cloudflare.com,Male,188.232.28.59
767,Arne,Goldhill,agoldhillla@acquirethisname.com,Male,195.10.23.59
768,Brandise,Lunney,blunneylb@nationalgeographic.com,Female,3.58.161.104
769,Nicholas,Shimmin,nshimminlc@drupal.org,Male,183.5.201.158
770,Oliviero,Mattisssen,omattisssenld@shutterfly.com,Male,66.73.47.12
771,Janos,Brea,jbreale@patch.com,Male,99.216.104.55
772,Frannie,Hussell,fhusselllf@amazon.co.uk,Female,169.101.243.76
773,Selie,Jerisch,sjerischlg@yelp.com,Female,158.144.84.171
774,Berry,Rootham,broothamlh@google.ca,Female,161.191.99.120
775,Lila,Pigford,lpigfordli@independent.co.uk,Female,247.139.146.121
776,Norine,Fassbender,nfassbenderlj@deliciousdays.com,Female,182.125.239.93
777,Derk,Loos,dlooslk@naver.com,Male,239.133.207.54
778,Mireille,Gleaves,mgleavesll@indiatimes.com,Female,149.31.120.246
779,Sibilla,Kyberd,skyberdlm@spiegel.de,Female,53.48.44.9
780,Bradly,Iannuzzi,biannuzziln@hao123.com,Male,205.236.96.217
781,Fanchon,MacMoyer,fmacmoyerlo@theatlantic.com,Female,225.89.62.85
782,Mandi,Hallas,mhallaslp@cargocollective.com,Female,55.47.26.140
783,Chiquita,Cottrell,ccottrelllq@51.la,Female,12.191.60.107
784,Rachel,Dreelan,rdreelanlr@sina.com.cn,Female,57.5.32.80
785,Tybi,Beauchamp,tbeauchampls@psu.edu,Female,162.242.140.64
786,Keefer,Hoggins,khogginslt@is.gd,Male,74.205.188.17
787,Shawn,Downing,sdowninglu@yolasite.com,Male,136.200.225.126
788,Vincents,Steen,vsteenlv@salon.com,Male,135.71.62.89
789,Charmion,McPhillimey,cmcphillimeylw@desdev.cn,Female,190.57.85.129
790,Zorine,Kuhnke,zkuhnkelx@usa.gov,Female,223.128.238.24
791,Kean,Bollans,kbollansly@livejournal.com,Male,36.215.191.83
792,Giordano,Gonsalvez,ggonsalvezlz@shareasale.com,Male,222.175.20.205
793,Gilbertine,Grevatt,ggrevattm0@oaic.gov.au,Female,157.190.125.198
794,Iolanthe,Burgane,iburganem1@aol.com,Female,17.91.244.149
795,Ignace,Ottey,iotteym2@51.la,Male,124.14.137.249
796,Danit,McGilroy,dmcgilroym3@ycombinator.com,Female,203.249.180.232
797,Richmound,Kershow,rkershowm4@elpais.com,Male,205.122.98.162
798,Armstrong,Warricker,awarrickerm5@sciencedaily.com,Male,18.54.146.213
799,Amalea,Gail,agailm6@microsoft.com,Female,61.108.34.182
800,Gris,Earingey,gearingeym7@jugem.jp,Male,255.123.238.249
801,Dasie,Geharke,dgeharkem8@phoca.cz,Female,194.148.11.181
802,Harlen,Swindell,hswindellm9@bandcamp.com,Male,23.133.167.207
803,Yvonne,Rasch,yraschma@i2i.jp,Female,163.107.160.137
804,Lew,Kunisch,lkunischmb@boston.com,Male,230.210.130.199
805,Billy,Outerbridge,bouterbridgemc@elegantthemes.com,Male,243.104.128.54
806,Susette,Butner,sbutnermd@geocities.com,Female,99.192.93.23
807,Jeannie,Salmons,jsalmonsme@github.com,Female,51.218.181.51
808,Zorana,Akroyd,zakroydmf@trellian.com,Female,145.97.117.182
809,Masha,Haggath,mhaggathmg@infoseek.co.jp,Female,208.67.184.13
810,Esma,Cone,econemh@spiegel.de,Female,227.42.249.27
811,Barrie,Dallemore,bdallemoremi@bing.com,Female,206.220.76.178
812,Reeta,Jillis,rjillismj@umn.edu,Female,72.76.19.38
813,Dar,Farley,dfarleymk@studiopress.com,Male,237.210.35.120
814,Massimo,Listone,mlistoneml@cbslocal.com,Male,102.100.192.27
815,Shelagh,McDavitt,smcdavittmm@zdnet.com,Female,21.29.69.151
816,Adela,Kybert,akybertmn@amazonaws.com,Female,242.123.137.122
817,Herve,Denham,hdenhammo@smugmug.com,Male,122.134.50.123
818,Georgina,Leverentz,gleverentzmp@nymag.com,Female,166.67.206.3
819,Beverlie,Bertie,bbertiemq@fema.gov,Female,54.127.217.53
820,Stesha,Goodere,sgooderemr@xinhuanet.com,Female,2.252.112.125
821,Theo,Patriche,tpatrichems@vistaprint.com,Female,119.205.93.82
822,Nola,Wedderburn,nwedderburnmt@blogtalkradio.com,Female,193.180.100.8
823,Keenan,Smewin,ksmewinmu@github.io,Male,161.188.31.131
824,Roy,Sallery,rsallerymv@facebook.com,Male,162.189.18.42
825,Kimmie,Cattini,kcattinimw@networksolutions.com,Female,238.124.174.172
826,Gaye,Scatchar,gscatcharmx@va.gov,Female,90.123.91.21
827,Avivah,Tryme,atrymemy@nyu.edu,Female,154.144.89.157
828,Alfonse,Gow,agowmz@tiny.cc,Male,151.24.24.77
829,Elvina,Carson,ecarsonn0@ucsd.edu,Female,95.115.185.238
830,Ole,Sweetnam,osweetnamn1@bloglines.com,Male,118.101.175.120
831,Ilaire,Orwin,iorwinn2@privacy.gov.au,Male,11.164.14.198
832,Carrissa,Cowl,ccowln3@clickbank.net,Female,203.43.104.48
833,Gael,McMullen,gmcmullenn4@soup.io,Male,45.87.114.189
834,Kearney,Eckart,keckartn5@mysql.com,Male,253.149.242.188
835,Tedmund,MacCook,tmaccookn6@seesaa.net,Male,11.223.9.39
836,Hailey,Gatrell,hgatrelln7@ftc.gov,Male,232.224.193.128
837,Allx,Summersby,asummersbyn8@flickr.com,Female,87.9.188.192
838,Myrah,Domone,mdomonen9@bluehost.com,Female,37.11.214.230
839,Binnie,Kroch,bkrochna@theguardian.com,Female,108.9.43.29
840,Emeline,Ivic,eivicnb@homestead.com,Female,18.61.178.93
841,Sapphira,Berg,sbergnc@cornell.edu,Female,60.178.200.48
842,Roanne,Dahlback,rdahlbacknd@angelfire.com,Female,81.128.231.63
843,Christopher,Scrane,cscranene@yolasite.com,Male,89.255.119.20
844,Yorke,Olyfat,yolyfatnf@bravesites.com,Male,164.109.175.139
845,Melosa,Robillart,mrobillartng@paginegialle.it,Female,206.170.85.173
846,Kelli,Douglas,kdouglasnh@webs.com,Female,199.171.47.147
847,Elihu,Rowatt,erowattni@ehow.com,Male,188.176.164.8
848,Jasper,Carrell,jcarrellnj@a8.net,Male,143.159.85.118
849,Euphemia,Childes,echildesnk@networksolutions.com,Female,123.226.198.193
850,Philip,Mellanby,pmellanbynl@samsung.com,Male,1.174.243.144
851,Martina,Sharrem,msharremnm@spotify.com,Female,123.216.86.57
852,Aleta,Mountney,amountneynn@time.com,Female,180.236.248.11
853,Kendal,Varah,kvarahno@latimes.com,Male,240.128.57.58
854,Davey,Graeber,dgraebernp@bbc.co.uk,Male,55.43.173.206
855,Bogart,Aish,baishnq@blog.com,Male,125.134.178.54
856,Faith,Capstick,fcapsticknr@gov.uk,Female,241.17.70.3
857,Hurley,Bakey,hbakeyns@pinterest.com,Male,37.25.46.76
858,Rand,Accomb,raccombnt@homestead.com,Male,223.182.108.175
859,Saunderson,Bronger,sbrongernu@cdc.gov,Male,105.109.85.146
860,Avrom,Petersen,apetersennv@virginia.edu,Male,75.152.105.164
861,Stephani,Pellamonuten,spellamonutennw@cbsnews.com,Female,40.123.34.101
862,Jobina,Jaquet,jjaquetnx@jiathis.com,Female,209.248.198.216
863,Myrah,Morad,mmoradny@wp.com,Female,196.52.230.85
864,Ricky,Ragsdall,rragsdallnz@yandex.ru,Female,148.21.117.159
865,Kala,Mosson,kmossono0@hatena.ne.jp,Female,235.48.38.222
866,Silvano,O'Currigan,socurrigano1@dedecms.com,Male,242.148.183.135
867,Randolph,Engall,rengallo2@msu.edu,Male,128.223.254.96
868,Ramonda,Abbati,rabbatio3@timesonline.co.uk,Female,89.69.85.246
869,Cleavland,Gebb,cgebbo4@bravesites.com,Male,100.200.54.51
870,Fulvia,Denidge,fdenidgeo5@nba.com,Female,156.207.128.32
871,Lise,Dallywater,ldallywatero6@vimeo.com,Female,178.183.54.240
872,Brianna,Klehyn,bklehyno7@clickbank.net,Female,148.68.7.16
873,Jennica,Aidler,jaidlero8@whitehouse.gov,Female,146.59.110.212
874,Blaine,Dunbleton,bdunbletono9@friendfeed.com,Male,104.158.251.60
875,Jinny,Broadwood,jbroadwoodoa@state.tx.us,Female,147.11.42.86
876,Imelda,Amiss,iamissob@sciencedirect.com,Female,83.144.137.242
877,Ramon,Carletto,rcarlettooc@desdev.cn,Male,169.169.247.42
878,Bret,Philliphs,bphilliphsod@wikispaces.com,Male,126.206.58.18
879,Crosby,Perrie,cperrieoe@spotify.com,Male,56.158.46.205
880,Olenolin,Hitter,ohitterof@engadget.com,Male,63.65.185.168
881,Kennedy,Potier,kpotierog@theguardian.com,Male,150.23.3.39
882,Donia,Andryushchenko,dandryushchenkooh@phoca.cz,Female,34.156.84.76
883,Barny,Durban,bdurbanoi@smugmug.com,Male,195.38.246.104
884,Eveleen,Ashbolt,eashboltoj@163.com,Female,240.208.62.5
885,Currie,Budge,cbudgeok@twitter.com,Male,20.169.158.221
886,Jdavie,Sarjent,jsarjentol@hatena.ne.jp,Male,33.251.75.25
887,Ferdinande,Prattington,fprattingtonom@vkontakte.ru,Female,239.81.186.91
888,Florrie,Drinkel,fdrinkelon@phoca.cz,Female,54.14.99.115
889,Alexei,St Angel,astangeloo@cdbaby.com,Male,192.96.3.161
890,Sayre,MacAdam,smacadamop@time.com,Female,62.79.161.191
891,Elnore,De Benedictis,edebenedictisoq@cmu.edu,Female,12.184.117.89
892,Pattin,Mattei,pmatteior@vk.com,Male,150.38.44.8
893,Isaac,Burnhams,iburnhamsos@linkedin.com,Male,218.138.156.147
894,Thoma,Dunk,tdunkot@flavors.me,Male,192.248.183.100
895,Maryl,Rouf,mroufou@networkadvertising.org,Female,0.103.130.72
896,Fields,Benazet,fbenazetov@jimdo.com,Male,182.29.62.214
897,Fergus,McPake,fmcpakeow@sogou.com,Male,74.26.188.175
898,Kerr,Goldring,kgoldringox@desdev.cn,Male,62.200.144.13
899,Billi,Bordes,bbordesoy@soundcloud.com,Female,245.9.114.122
900,Fletcher,Sibyllina,fsibyllinaoz@nymag.com,Male,179.124.42.205
901,Elwin,Fishbourn,efishbournp0@lulu.com,Male,20.219.239.243
902,Poppy,Rudge,prudgep1@g.co,Female,185.190.74.232
903,Garald,Denslow,gdenslowp2@bing.com,Male,197.112.153.49
904,Paige,Ivanov,pivanovp3@jigsy.com,Female,201.26.0.194
905,Jackie,Matuschek,jmatuschekp4@sina.com.cn,Male,243.49.98.216
906,Del,Fairman,dfairmanp5@ocn.ne.jp,Female,245.53.173.213
907,Elissa,Catterson,ecattersonp6@digg.com,Female,194.88.148.162
908,Dulcia,Jonah,djonahp7@tumblr.com,Female,159.152.201.34
909,Estelle,MacCroary,emaccroaryp8@wordpress.org,Female,95.53.95.64
910,Dimitri,Casbourne,dcasbournep9@wired.com,Male,139.227.2.208
911,Klarrisa,Navein,knaveinpa@unc.edu,Female,233.56.70.188
912,Charlton,Willmer,cwillmerpb@quantcast.com,Male,251.8.58.218
913,Estell,Whaplington,ewhaplingtonpc@paypal.com,Female,242.71.39.166
914,Marian,Pyrah,mpyrahpd@ft.com,Female,90.146.76.117
915,Jillana,McClunaghan,jmcclunaghanpe@goo.gl,Female,149.147.193.103
916,Ethelred,Andrich,eandrichpf@uol.com.br,Male,145.216.24.192
917,Helsa,Goter,hgoterpg@fema.gov,Female,230.240.11.2
918,Hermine,Chipps,hchippsph@weibo.com,Female,169.197.113.115
919,Ephrayim,Erik,eerikpi@desdev.cn,Male,181.208.254.198
920,Ethe,Lackington,elackingtonpj@guardian.co.uk,Male,168.29.219.113
921,Noel,Brinklow,nbrinklowpk@statcounter.com,Female,100.13.105.34
922,Rafferty,Fears,rfearspl@prnewswire.com,Male,169.181.219.245
923,Essie,Omand,eomandpm@e-recht24.de,Female,199.35.88.146
924,Reg,Velti,rveltipn@java.com,Male,136.116.212.37
925,Ody,Swate,oswatepo@tinyurl.com,Male,33.94.154.250
926,Barty,Kinmond,bkinmondpp@census.gov,Male,83.37.210.226
927,Ivar,Olfert,iolfertpq@wikispaces.com,Male,102.72.63.64
928,Waldon,Forlonge,wforlongepr@ebay.com,Male,70.118.139.237
929,Briny,Radborn,bradbornps@skype.com,Female,231.4.92.160
930,Birdie,Sayer,bsayerpt@ucoz.com,Female,147.63.248.189
931,Darryl,Beckhouse,dbeckhousepu@microsoft.com,Male,78.137.156.131
932,Tamas,Gilberthorpe,tgilberthorpepv@mapy.cz,Male,65.217.127.179
933,Bartholomeo,Casajuana,bcasajuanapw@google.it,Male,66.5.146.114
934,Onfroi,Slipper,oslipperpx@berkeley.edu,Male,248.69.58.127
935,Arv,Pippin,apippinpy@apache.org,Male,112.185.75.51
936,Darb,Tomkinson,dtomkinsonpz@imgur.com,Female,85.25.144.59
937,Raquela,Feehely,rfeehelyq0@tripadvisor.com,Female,62.165.191.136
938,Merrielle,Kolodziej,mkolodziejq1@wufoo.com,Female,82.146.54.82
939,Dimitry,Yerlett,dyerlettq2@wiley.com,Male,7.25.109.157
940,Tuck,Wardell,twardellq3@joomla.org,Male,181.49.47.19
941,Farah,Veschambes,fveschambesq4@livejournal.com,Female,198.76.72.133
942,Ginnie,Whitby,gwhitbyq5@acquirethisname.com,Female,222.91.173.190
943,Lazarus,Connaughton,lconnaughtonq6@wired.com,Male,117.122.40.126
944,Ulrick,Keyte,ukeyteq7@wordpress.com,Male,165.67.18.45
945,Ruprecht,Stambridge,rstambridgeq8@geocities.jp,Male,61.88.39.33
946,Gleda,Joseland,gjoselandq9@princeton.edu,Female,136.190.45.229
947,Artair,Lathee,alatheeqa@skype.com,Male,109.173.22.143
948,Lou,Lammerich,llammerichqb@google.es,Female,218.179.99.7
949,Neda,Dikle,ndikleqc@theatlantic.com,Female,126.207.99.206
950,Morgen,Monan,mmonanqd@hhs.gov,Male,203.31.73.154
951,Merwin,Marshall,mmarshallqe@state.gov,Male,160.2.136.171
952,Vasilis,Rousby,vrousbyqf@mozilla.com,Male,176.221.169.164
953,Rozele,Warnock,rwarnockqg@taobao.com,Female,131.49.110.102
954,Wilma,D'Onise,wdoniseqh@ehow.com,Female,81.70.129.230
955,Leonanie,Loughton,lloughtonqi@washingtonpost.com,Female,172.141.49.195
956,Berenice,MacAfee,bmacafeeqj@instagram.com,Female,4.101.252.160
957,Hillery,Pawsey,hpawseyqk@whitehouse.gov,Male,226.153.131.40
958,Gram,Brockwell,gbrockwellql@ibm.com,Male,103.162.84.111
959,Dania,Seely,dseelyqm@thetimes.co.uk,Female,139.56.109.172
960,Guenevere,Lattie,glattieqn@google.it,Female,186.136.159.192
961,Isidro,Mennithorp,imennithorpqo@ow.ly,Male,68.155.14.153
962,Harlen,Cordeau,hcordeauqp@domainmarket.com,Male,58.238.93.81
963,Ilise,Taylour,itaylourqq@nsw.gov.au,Female,122.174.7.51
964,Ware,Panner,wpannerqr@opensource.org,Male,81.235.106.51
965,Tobi,Feldhorn,tfeldhornqs@cisco.com,Female,168.253.56.111
966,Quintina,Rogez,qrogezqt@adobe.com,Female,227.34.174.137
967,Jeannette,Bromont,jbromontqu@webs.com,Female,209.46.104.183
968,Esra,Decayette,edecayetteqv@weibo.com,Male,77.193.77.199
969,Way,Bumford,wbumfordqw@rambler.ru,Male,158.196.81.174
970,Linette,Oels,loelsqx@wikispaces.com,Female,178.74.118.111
971,Fred,Smittoune,fsmittouneqy@sourceforge.net,Male,117.111.143.244
972,Winny,Torrese,wtorreseqz@who.int,Male,154.15.75.192
973,Luz,Avramchik,lavramchikr0@facebook.com,Female,151.31.12.168
974,Kellia,Addeycott,kaddeycottr1@ask.com,Female,221.98.36.90
975,Rance,Pickup,rpickupr2@t-online.de,Male,181.167.81.98
976,Lowell,Bushen,lbushenr3@sphinn.com,Male,220.179.113.245
977,Ricki,Thormann,rthormannr4@msn.com,Male,126.87.156.42
978,Cecile,Ebbitt,cebbittr5@stanford.edu,Female,3.219.158.209
979,Chrissie,Bouldon,cbouldonr6@prweb.com,Male,221.231.210.253
980,Urson,Eaden,ueadenr7@taobao.com,Male,124.17.193.170
981,Rozina,Bignal,rbignalr8@aol.com,Female,132.217.21.101
982,Rourke,Warrell,rwarrellr9@fotki.com,Male,71.158.80.16
983,Lavinia,Hollow,lhollowra@deliciousdays.com,Female,34.232.63.31
984,Marnia,Onthank,monthankrb@admin.ch,Female,0.225.196.158
985,Fayre,Confort,fconfortrc@sbwire.com,Female,220.140.223.124
986,Dorey,Byrth,dbyrthrd@arstechnica.com,Male,78.87.38.197
987,Darsey,Lorraway,dlorrawayre@stumbleupon.com,Female,28.210.181.196
988,Brand,Lennox,blennoxrf@fda.gov,Male,27.191.252.116
989,Ashleigh,Corde,acorderg@g.co,Female,47.81.55.228
990,Consuelo,Pridden,cpriddenrh@booking.com,Female,170.140.53.60
991,Babs,Denkel,bdenkelri@youku.com,Female,201.134.130.78
992,Corenda,Witt,cwittrj@list-manage.com,Female,34.151.22.220
993,Umeko,Gerrard,ugerrardrk@stanford.edu,Female,38.109.197.157
994,Lem,Scamerden,lscamerdenrl@tumblr.com,Male,28.129.86.207
995,Felita,Clousley,fclousleyrm@nsw.gov.au,Female,123.93.120.34
996,Tova,McIlraith,tmcilraithrn@technorati.com,Female,189.173.227.49
997,Catharina,Kelle,ckellero@blog.com,Female,145.119.158.69
998,Dal,Neate,dneaterp@ca.gov,Male,160.24.202.134
999,Chevalier,Uccello,cuccellorq@creativecommons.org,Male,71.99.6.174
1000,Mill,Odde,modderr@tripod.com,Male,51.184.54.199
